TimeMid,Sub001,Sub011,Sub080,Sub087
0.041666667,0,0.0308,0,0
0.110216667,0,6.611089,0,55.28074
0.19355,250,61.275482,0,31330.34373
0.276883333,249.938965,44.199925,1478.685141,106590.9328
0.360216667,94150.02441,77893.77168,76342.31663,30359.23254
0.44355,279699.6521,300484.0043,109440.9752,8208.399442
0.526883333,158354.2084,139486.0547,58116.33247,11903.4254
0.610216667,109664.7034,36849.41058,26841.65913,18135.1344
0.69355,79645.74661,32381.58561,18096.78423,15137.21478
0.776883333,63535.48126,43993.03141,24242.67229,11721.59394
0.860216667,58368.0954,41292.7083,19869.53369,9424.793757
0.94355,53218.30673,30605.04681,14726.23265,11800.94384
1.110216667,41548.29254,27835.86774,12601.80943,8512.353346
1.360216667,34204.32358,28360.79685,11969.01509,7796.665047
1.610216667,47510.91614,26487.09975,11896.82323,7457.555202
1.860216667,40432.04346,27996.4631,12956.82761,7148.201035
2.235216667,44433.76007,26002.34005,11801.50478,6968.099258
2.735216667,35695.91446,24053.88411,10995.66539,6648.020917
3.485216667,33744.30313,22262.1115,9750.009596,6379.210825
4.485216667,30540.09895,21612.02667,9525.276065,5637.093847
5.485216667,29010.44121,19110.81203,9535.970807,5275.320806
7.485216667,26638.27133,17359.83907,8376.853615,4660.279129
10.48521667,22980.13115,16120.25484,7292.503044,4009.970194
13.48521667,22153.82042,15062.43945,6924.380973,3761.081779
16.48521667,19606.33221,14454.0472,6330.80405,3473.194515
19.48521667,16678.0899,14005.23506,6373.040453,3302.643812
22.48521667,16101.7107,14374.63323,5870.930567,3182.367362
25.48521667,15690.78102,14420.67203,5634.625077,2816.795477
28.48521667,15893.25447,13279.72473,5734.098569,2837.892218
32.48521667,14041.86764,14275.19447,5400.699496,2719.085534
37.48521667,13272.22443,14747.76028,5207.048133,2538.117846
42.48521667,12851.69754,14906.88902,5060.012668,2291.526933
47.48521667,11811.84692,14966.92783,4946.080133,2171.215875
52.48521667,10944.55948,14726.68094,5010.941774,2116.262416
57.48521667,10947.13078,15053.7945,5497.406781,1981.658643